dataset,outcome,label,method,n,events,metric,estimate,conf_low,conf_high,p_value,mbr_sd
NHANES,hip_frax,Hip FRAX,Unweighted,1505,NA,Beta,0.43482868849234574,0.36895246790472414,0.5007049090799673,2.265084379250971e-36,3.5095338045968916
NHANES,hip_frax,Hip FRAX,Survey-weighted,1505,NA,Beta,0.6428144166030731,0.24647396233547203,1.0391548708706742,0.004397210233147757,3.5095338045968916
NHANES,major_frax,Major fracture FRAX,Unweighted,1505,NA,Beta,1.058148901030997,0.8539619042899955,1.2623358977719985,1.7384261820320247e-23,3.5095338045968916
NHANES,major_frax,Major fracture FRAX,Survey-weighted,1505,NA,Beta,1.5039829752731437,0.9114649261424432,2.0965010244038442,1.6351720403140935e-4,3.5095338045968916
NHANES,prev_fracture,Previous fracture,Unweighted,1580,373,OR,1.4401616396323553,1.2393537411141018,1.6735056985458394,1.928241946529969e-6,3.580518391595917
NHANES,prev_fracture,Previous fracture,Survey-weighted,1580,373,OR,1.399319531127578,1.124851538941017,1.740758742294595,0.006066993578911983,3.580518391595917
NHANES,direct_fx_any,Direct fracture indicator,Unweighted,1550,67,OR,1.109559883642958,0.8128056485010973,1.514658685824958,0.5126516629450222,3.508062112104967
NHANES,direct_fx_any,Direct fracture indicator,Survey-weighted,1550,67,OR,1.057157157203231,0.6634506496056305,1.6844979437284924,0.7977168600395016,3.508062112104967
NHANES,self_report_osteoporosis,Self-reported osteoporosis,Unweighted,1581,42,OR,1.941182058247784,1.3677307821916125,2.755065421007099,2.0492465479167262e-4,3.579258469777155
NHANES,self_report_osteoporosis,Self-reported osteoporosis,Survey-weighted,1581,42,OR,2.08194107052245,1.201031789450005,3.6089624431282354,0.013595795141668967,3.579258469777155
KNHANES,osteoporosis_any,Overall osteoporosis,Unweighted,7937,1978,OR,4.090466594936185,3.727719090865953,4.488513366065355,3.0280126603191675e-194,3.068577589946317
KNHANES,osteoporosis_any,Overall osteoporosis,Survey-weighted,7937,1978,OR,4.181011930761389,3.677302513520006,4.753718439236036,7.977789980383464e-74,3.068577589946317
KNHANES,low_bone_mass,Low bone mass,Unweighted,7937,5813,OR,6.524827297178296,5.82874081312616,7.304042609362386,6.482192771240689e-233,3.068577589946317
KNHANES,low_bone_mass,Low bone mass,Survey-weighted,7937,5813,OR,6.304486628620225,5.4408860298274675,7.305161591798972,2.335540863500914e-86,3.068577589946317
KNHANES,osteoporosis_tf,Total femur osteoporosis,Unweighted,8420,267,OR,2.7138749873682957,2.353884902210322,3.1289199570239594,5.084973180126091e-43,3.080060785736814
KNHANES,osteoporosis_tf,Total femur osteoporosis,Survey-weighted,8420,267,OR,2.6469390865846263,2.160185374134509,3.243372819750048,2.1484441031518874e-19,3.080060785736814
KNHANES,osteoporosis_fn,Femoral neck osteoporosis,Unweighted,8420,1208,OR,2.6676246454395964,2.4418252419319213,2.9143040733441374,7.877541005091473e-105,3.080060785736814
KNHANES,osteoporosis_fn,Femoral neck osteoporosis,Survey-weighted,8420,1208,OR,2.628959355457643,2.341161723458349,2.95213578088008,4.597369087743057e-48,3.080060785736814
KNHANES,osteoporosis_ls,Lumbar spine osteoporosis,Unweighted,8001,1593,OR,3.716299604558505,3.3968088641614527,4.065840411733352,3.5650436244245115e-180,3.0780580378554347
KNHANES,osteoporosis_ls,Lumbar spine osteoporosis,Survey-weighted,8001,1593,OR,3.708236398659587,3.255771835380717,4.223581345262124,6.949308525438095e-64,3.0780580378554347
