pair,weighted,imputation,n,r,z,variance_z,design_df
Fat-free mass versus lean soft tissue,FALSE,1,11731,0.9691992282979549,2.0789212555355228,1.2451274097032128e-4,11730
Fat-free mass versus lean soft tissue,FALSE,2,11731,0.9692140279941317,2.0791653198434923,1.2735439290236411e-4,11730
Fat-free mass versus lean soft tissue,FALSE,3,11731,0.9692252467924687,2.0793504079261225,1.2696943694423567e-4,11730
Fat-free mass versus lean soft tissue,FALSE,4,11731,0.9692193126569006,2.079252498100718,1.254754900706911e-4,11730
Fat-free mass versus lean soft tissue,FALSE,5,11731,0.969248111636026,2.079727838539987,1.2908632906302194e-4,11730
Fat-free mass versus lean soft tissue,TRUE,1,11731,0.9672412440256112,2.047608586095454,4.559773239564907e-4,44
Fat-free mass versus lean soft tissue,TRUE,2,11731,0.9672674921810743,2.048016046037174,4.841207556741568e-4,44
Fat-free mass versus lean soft tissue,TRUE,3,11731,0.9672818850525106,2.048239608384618,4.8306641338949965e-4,44
Fat-free mass versus lean soft tissue,TRUE,4,11731,0.9673079183112696,2.0486442249247636,4.665732625821601e-4,44
Fat-free mass versus lean soft tissue,TRUE,5,11731,0.9671073664543686,2.0455353362237045,4.696183767395361e-4,44
Fat mass,FALSE,1,11731,0.9415633921089486,1.7516531294204576,1.7957753362255472e-4,11730
Fat mass,FALSE,2,11731,0.9415350675639137,1.7514035410727107,1.8117029286422498e-4,11730
Fat mass,FALSE,3,11731,0.9415092156043149,1.7511758428355881,1.8096488870724482e-4,11730
Fat mass,FALSE,4,11731,0.9415620443317511,1.751641250508215,1.8077025599865694e-4,11730
Fat mass,FALSE,5,11731,0.941567288230077,1.7516874701818346,1.8438443747894492e-4,11730
Fat mass,TRUE,1,11731,0.9356374390960311,1.7018299327339435,5.005602603770126e-4,44
Fat mass,TRUE,2,11731,0.9356702087198867,1.7020930328456543,5.330933541801633e-4,44
Fat mass,TRUE,3,11731,0.9355548741735524,1.7011676108592593,5.226477628096249e-4,44
Fat mass,TRUE,4,11731,0.9356282628886448,1.701756282189221,5.103775607366335e-4,44
Fat mass,TRUE,5,11731,0.9354087593306428,1.699997510022772,5.244720846254337e-4,44
