dataset,outcome,model,n,metric,value,seed,folds
NHANES,hip_frax,base,1505,CV R2,0.08184245542982127,20260804,10
NHANES,hip_frax,mbr,1505,CV R2,0.16188683614492083,20260804,10
NHANES,hip_frax,log_mbr,1505,CV R2,0.15486194884277282,20260804,10
NHANES,hip_frax,lean,1505,CV R2,0.08484828365749619,20260804,10
NHANES,hip_frax,bmc,1505,CV R2,0.14109880882361703,20260804,10
NHANES,hip_frax,components,1505,CV R2,0.1400451781632931,20260804,10
NHANES,hip_frax,log_components,1505,CV R2,0.16348680946723193,20260804,10
NHANES,hip_frax,flexible_components,1505,CV R2,0.19414324770702163,20260804,10
NHANES,major_frax,base,1505,CV R2,0.2215139219265463,20260804,10
NHANES,major_frax,mbr,1505,CV R2,0.2688865905588419,20260804,10
NHANES,major_frax,log_mbr,1505,CV R2,0.2656632650993468,20260804,10
NHANES,major_frax,lean,1505,CV R2,0.22188845913084565,20260804,10
NHANES,major_frax,bmc,1505,CV R2,0.2556862433758973,20260804,10
NHANES,major_frax,components,1505,CV R2,0.2547384523130176,20260804,10
NHANES,major_frax,log_components,1505,CV R2,0.26745825668305745,20260804,10
NHANES,major_frax,flexible_components,1505,CV R2,0.27954684569088173,20260804,10
NHANES,prev_fracture,base,1580,CV AUC,0.5462638629442639,20260804,10
NHANES,prev_fracture,mbr,1580,CV AUC,0.5847391556403553,20260804,10
NHANES,prev_fracture,log_mbr,1580,CV AUC,0.5846836261219739,20260804,10
NHANES,prev_fracture,lean,1580,CV AUC,0.5478009200130606,20260804,10
NHANES,prev_fracture,bmc,1580,CV AUC,0.5653615749059885,20260804,10
NHANES,prev_fracture,components,1580,CV AUC,0.5793794465261843,20260804,10
NHANES,prev_fracture,log_components,1580,CV AUC,0.5869003644957587,20260804,10
NHANES,prev_fracture,flexible_components,1580,CV AUC,0.578148912398853,20260804,10
NHANES,direct_fx_any,base,1550,CV AUC,0.6334628274675175,20260804,10
NHANES,direct_fx_any,mbr,1550,CV AUC,0.6331961232274232,20260804,10
NHANES,direct_fx_any,log_mbr,1550,CV AUC,0.6337597246404525,20260804,10
NHANES,direct_fx_any,lean,1550,CV AUC,0.6264932921367539,20260804,10
NHANES,direct_fx_any,bmc,1550,CV AUC,0.6301969585652318,20260804,10
NHANES,direct_fx_any,components,1550,CV AUC,0.6280029387787965,20260804,10
NHANES,direct_fx_any,log_components,1550,CV AUC,0.6270568935497831,20260804,10
NHANES,direct_fx_any,flexible_components,1550,CV AUC,0.595032256116585,20260804,10
NHANES,self_report_osteoporosis,base,1581,CV AUC,0.7519879946780531,20260804,10
NHANES,self_report_osteoporosis,mbr,1581,CV AUC,0.7657569850552307,20260804,10
NHANES,self_report_osteoporosis,log_mbr,1581,CV AUC,0.7671802964200625,20260804,10
NHANES,self_report_osteoporosis,lean,1581,CV AUC,0.7561186917912064,20260804,10
NHANES,self_report_osteoporosis,bmc,1581,CV AUC,0.7730901327392555,20260804,10
NHANES,self_report_osteoporosis,components,1581,CV AUC,0.7671648256443577,20260804,10
NHANES,self_report_osteoporosis,log_components,1581,CV AUC,0.7695937374299947,20260804,10
NHANES,self_report_osteoporosis,flexible_components,1581,CV AUC,0.7746526810854296,20260804,10
KNHANES,osteoporosis_any,base,7937,CV AUC,0.853460052522707,20260804,10
KNHANES,osteoporosis_any,mbr,7937,CV AUC,0.9118288249109053,20260804,10
KNHANES,osteoporosis_any,log_mbr,7937,CV AUC,0.9113876572486986,20260804,10
KNHANES,osteoporosis_any,lean,7937,CV AUC,0.853656541812259,20260804,10
KNHANES,osteoporosis_any,bmc,7937,CV AUC,0.9177315633912966,20260804,10
KNHANES,osteoporosis_any,components,7937,CV AUC,0.9184348016128411,20260804,10
KNHANES,osteoporosis_any,log_components,7937,CV AUC,0.9187281781082086,20260804,10
KNHANES,osteoporosis_any,flexible_components,7937,CV AUC,0.9184993648034063,20260804,10
KNHANES,low_bone_mass,base,7937,CV AUC,0.8205026528305445,20260804,10
KNHANES,low_bone_mass,mbr,7937,CV AUC,0.9032423916392345,20260804,10
KNHANES,low_bone_mass,log_mbr,7937,CV AUC,0.90201478729894,20260804,10
KNHANES,low_bone_mass,lean,7937,CV AUC,0.8213338795472062,20260804,10
KNHANES,low_bone_mass,bmc,7937,CV AUC,0.9118158598349112,20260804,10
KNHANES,low_bone_mass,components,7937,CV AUC,0.9129186546292274,20260804,10
KNHANES,low_bone_mass,log_components,7937,CV AUC,0.9127463024463319,20260804,10
KNHANES,low_bone_mass,flexible_components,7937,CV AUC,0.9121817032607283,20260804,10
KNHANES,osteoporosis_tf,base,8420,CV AUC,0.9186446385168301,20260804,10
KNHANES,osteoporosis_tf,mbr,8420,CV AUC,0.943309854464086,20260804,10
KNHANES,osteoporosis_tf,log_mbr,8420,CV AUC,0.9406059486845907,20260804,10
KNHANES,osteoporosis_tf,lean,8420,CV AUC,0.9184565227477673,20260804,10
KNHANES,osteoporosis_tf,bmc,8420,CV AUC,0.9428362345424652,20260804,10
KNHANES,osteoporosis_tf,components,8420,CV AUC,0.942388799233388,20260804,10
KNHANES,osteoporosis_tf,log_components,8420,CV AUC,0.9428564472258322,20260804,10
KNHANES,osteoporosis_tf,flexible_components,8420,CV AUC,0.9415715636945294,20260804,10
KNHANES,osteoporosis_fn,base,8420,CV AUC,0.8820903144317969,20260804,10
KNHANES,osteoporosis_fn,mbr,8420,CV AUC,0.9163142830382035,20260804,10
KNHANES,osteoporosis_fn,log_mbr,8420,CV AUC,0.9156204201606594,20260804,10
KNHANES,osteoporosis_fn,lean,8420,CV AUC,0.8836523380825924,20260804,10
KNHANES,osteoporosis_fn,bmc,8420,CV AUC,0.92392508071536406,20260804,10
KNHANES,osteoporosis_fn,components,8420,CV AUC,0.9239264581106544,20260804,10
KNHANES,osteoporosis_fn,log_components,8420,CV AUC,0.9241722083870518,20260804,10
KNHANES,osteoporosis_fn,flexible_components,8420,CV AUC,0.9236445512078839,20260804,10
KNHANES,osteoporosis_ls,base,8001,CV AUC,0.8295824310948414,20260804,10
KNHANES,osteoporosis_ls,mbr,8001,CV AUC,0.896520004420087,20260804,10
KNHANES,osteoporosis_ls,log_mbr,8001,CV AUC,0.8965159879403727,20260804,10
KNHANES,osteoporosis_ls,lean,8001,CV AUC,0.8293609369330396,20260804,10
KNHANES,osteoporosis_ls,bmc,8001,CV AUC,0.8998554459154556,20260804,10
KNHANES,osteoporosis_ls,components,8001,CV AUC,0.9016739315968034,20260804,10
KNHANES,osteoporosis_ls,log_components,8001,CV AUC,0.9019150183425771,20260804,10
KNHANES,osteoporosis_ls,flexible_components,8001,CV AUC,0.9014579233585137,20260804,10
