dataset,scope,outcome,contrast,weighted,n,participants,events,estimate,conf_low,conf_high,p_value
HRS,2012-2022,Fall in past 2 years,Per 10-year age increase,FALSE,57898,17509,21294,1.4660641732013053,1.4251377839355468,1.5081658659059403,1.345853047644371e-151
HRS,2012-2022,Fall in past 2 years,Female vs male,FALSE,57898,17509,21294,1.1361299885129987,1.0811959294889775,1.193855170550479,4.516834369893717e-7
HRS,2012-2022,Fall in past 2 years,Per 10-year age increase,TRUE,55636,16361,20048,1.4294576988421932,1.3808795247817367,1.4797448119901642,4.011683547547052e-90
HRS,2012-2022,Fall in past 2 years,Female vs male,TRUE,55636,16361,20048,1.151918026970475,1.0827136669069592,1.225545757310162,7.719635508809988e-6
HRS,2012-2022,Fall-related injury,Per 10-year age increase,FALSE,21242,10524,6778,1.244987635800495,1.1954204534619755,1.2966100829271185,5.40753782649348e-26
HRS,2012-2022,Fall-related injury,Female vs male,FALSE,21242,10524,6778,1.6969247195326733,1.579933204236028,1.82257926856689,2.9562441530429875e-47
HRS,2012-2022,Fall-related injury,Per 10-year age increase,TRUE,20001,9857,6211,1.2113525424681921,1.14961768475032,1.2764025828837573,7.196868668684752e-13
HRS,2012-2022,Fall-related injury,Female vs male,TRUE,20001,9857,6211,1.693559650152817,1.5442604662626656,1.8572930870703808,6.813166521893295e-29
HRS,2012-2022,Reported hip fracture,Per 10-year age increase,FALSE,57958,17513,906,2.276670404681011,2.078618426544053,2.493592891008921,1.216790089470018e-69
HRS,2012-2022,Reported hip fracture,Female vs male,FALSE,57958,17513,906,1.6352659623060914,1.3816320277250458,1.935460899730265,1.0849455847545946e-8
HRS,2012-2022,Reported hip fracture,Per 10-year age increase,TRUE,55699,16370,724,2.25561811656919,1.9935336156791514,2.552158161658006,6.172563416409484e-38
HRS,2012-2022,Reported hip fracture,Female vs male,TRUE,55699,16370,724,1.5993196017873883,1.278710412558193,2.0003146635399487,3.9065051704714755e-5
HRS,2012-2022,Self-reported osteoporosis,Per 10-year age increase,FALSE,95656,28420,6830,1.4206557516747802,1.386429704226867,1.455726719222382,7.915775122030372e-173
HRS,2012-2022,Self-reported osteoporosis,Female vs male,FALSE,95656,28420,6830,6.218261912030392,5.732871817729965,6.744748955841591,0
HRS,2012-2022,Self-reported osteoporosis,Per 10-year age increase,TRUE,88932,24589,6343,1.434897261537204,1.3868980243327111,1.484557707231284,2.7426693276196535e-95
HRS,2012-2022,Self-reported osteoporosis,Female vs male,TRUE,88932,24589,6343,7.144805153075703,6.36636900193653,8.018423163955656,2.097811222151529e-239
CHARLS,2011-2020,Recent fall,Per 10-year age increase,FALSE,77777,22274,14171,1.3084204280429064,1.278250179306376,1.339302778309763,1.06042782281449e-111
CHARLS,2011-2020,Recent fall,Female vs male,FALSE,77777,22274,14171,1.5138143206648746,1.4454411424164928,1.585421730572091,9.483058305791862e-69
CHARLS,2011-2020,Recent fall,Per 10-year age increase,TRUE,74943,21551,13702,1.3021235238816649,1.2630874339556566,1.3423660356877003,2.1393208491256105e-64
CHARLS,2011-2020,Recent fall,Female vs male,TRUE,74943,21551,13702,1.5352409054590557,1.445884940790341,1.6301190857596122,2.0538897512177895e-44
CHARLS,2011-2020,Reported hip fracture,Per 10-year age increase,FALSE,77786,22277,1122,1.4833545728610296,1.385665212145176,1.5879310309171546,9.508784656558846e-30
CHARLS,2011-2020,Reported hip fracture,Female vs male,FALSE,77786,22277,1122,1.2375309218106538,1.085361918182744,1.4110341967790214,0.0014556621655287128
CHARLS,2011-2020,Reported hip fracture,Per 10-year age increase,TRUE,74951,21554,1092,1.6180438982207197,1.4677150006909498,1.783770047547928,4.35612059432893e-22
CHARLS,2011-2020,Reported hip fracture,Female vs male,TRUE,74951,21554,1092,1.213445908294492,0.9402828447050028,1.565966007620399,0.1370692868473206
CHARLS,2018-2020,Recent fall,Per 10-year age increase,FALSE,34244,19001,6500,1.344023275752692,1.3026668288909504,1.386692687417939,4.381026985391396e-76
CHARLS,2018-2020,Recent fall,Female vs male,FALSE,34244,19001,6500,1.5269566021376786,1.436968272786457,1.6225803373449537,2.8278139778641973e-42
CHARLS,2018-2020,Recent fall,Per 10-year age increase,TRUE,31830,17420,6093,1.3333455611910248,1.277112994292424,1.3920541044473462,5.97413341981429e-39
CHARLS,2018-2020,Recent fall,Female vs male,TRUE,31830,17420,6093,1.5458990298822728,1.4198396779307159,1.683150462504238,1.205757107336e-23
CHARLS,2018-2020,Fall requiring medical treatment,Per 10-year age increase,FALSE,34316,19044,2716,1.3607559332327017,1.3038802704076795,1.420112530155127,3.5630373122044405e-45
CHARLS,2018-2020,Fall requiring medical treatment,Female vs male,FALSE,34316,19044,2716,1.7779605177968842,1.6295723758982579,1.9398608184567867,3.7327405837768344e-38
CHARLS,2018-2020,Fall requiring medical treatment,Per 10-year age increase,TRUE,31883,17448,2521,1.308418486291016,1.2290581329772097,1.3929031421167268,4.0180778570590494e-17
CHARLS,2018-2020,Fall requiring medical treatment,Female vs male,TRUE,31883,17448,2521,1.753411283288474,1.5450616578595633,1.989856594216761,3.566082776214442e-18
CHARLS,2018-2020,Reported hip fracture,Per 10-year age increase,FALSE,34244,19001,364,1.5630590884415072,1.4066197200827057,1.736897100956287,1.0939222366008805e-16
CHARLS,2018-2020,Reported hip fracture,Female vs male,FALSE,34244,19001,364,1.295238467901019,1.043579751878085,1.6075845527966586,0.018929876578013097
CHARLS,2018-2020,Reported hip fracture,Per 10-year age increase,TRUE,31830,17420,340,1.6250581170338012,1.3857179066797018,1.9057369981348213,2.36871715952735e-9
CHARLS,2018-2020,Reported hip fracture,Female vs male,TRUE,31830,17420,340,1.0429835484395167,0.6420755734186194,1.6942159573578024,0.8649817774641919
SHARE,"Waves 1,2,4-9",Fall-related limitation,Per 10-year age increase,FALSE,450128,155647,32894,1.9006937242121942,1.87474025955867,1.9270064825460496,0
SHARE,"Waves 1,2,4-9",Fall-related limitation,Female vs male,FALSE,450128,155647,32894,1.7420671003987076,1.691875096453562,1.7937481251736471,8.922811860227005e-302
SHARE,"Waves 1,2,4-9",Fall-related limitation,Per 10-year age increase,TRUE,387412,148963,27999,1.8209377689447308,1.7680170194008655,1.8754425562560795,0
SHARE,"Waves 1,2,4-9",Fall-related limitation,Female vs male,TRUE,387412,148963,27999,1.7520598371941873,1.6408198405325707,1.870841391162461,5.829195753815771e-63
SHARE,"Waves 1,2,4-9",Ever hip fracture,Per 10-year age increase,FALSE,450311,155659,17208,2.0824713666401737,2.0282579204434192,2.1381338877888383,0
SHARE,"Waves 1,2,4-9",Ever hip fracture,Female vs male,FALSE,450311,155659,17208,1.3074668937864853,1.233437937637126,1.3859389485153015,1.9891636801507034e-19
SHARE,"Waves 1,2,4-9",Ever hip fracture,Per 10-year age increase,TRUE,387457,148969,14837,2.1922623967644252,2.0814460304712665,2.308978635962595,9.459155993959056e-193
SHARE,"Waves 1,2,4-9",Ever hip fracture,Female vs male,TRUE,387457,148969,14837,1.301333843393076,1.1664842664556854,1.451772493345095,2.372051391456494e-6
SHARE,"Waves 1,2,4-9",Osteoporosis medication,Per 10-year age increase,FALSE,449895,155617,25120,1.4657142023392593,1.4434719775222098,1.4882991539792163,0
SHARE,"Waves 1,2,4-9",Osteoporosis medication,Female vs male,FALSE,449895,155617,25120,6.722134893149432,6.387039827619844,7.0748106699275555,0
SHARE,"Waves 1,2,4-9",Osteoporosis medication,Per 10-year age increase,TRUE,387130,148924,21919,1.456871476956447,1.412612570728325,1.5025170696838261,4.5475973503921805e-126
SHARE,"Waves 1,2,4-9",Osteoporosis medication,Female vs male,TRUE,387130,148924,21919,7.280456471509373,6.48939698515536,8.167946352302524,7.02496426402468e-250
