dataset,outcome,source_records,eligible,complete_cases,events,survey_complete,mbr_mean,mbr_sd
NHANES,hip_frax,10175,1592,1505,NA,1505,22.419742950107334,3.5095338045968916
NHANES,major_frax,10175,1592,1505,NA,1505,22.419742950107334,3.5095338045968916
NHANES,prev_fracture,10175,1592,1580,373,1580,22.542406054829954,3.580518391595917
NHANES,direct_fx_any,10175,1592,1550,67,1550,22.48405668713566,3.508062112104967
NHANES,self_report_osteoporosis,10175,1592,1581,42,1581,22.55911502792078,3.579258469777155
KNHANES,osteoporosis_any,37753,9113,7937,1978,7937,20.400265433677614,3.068577589946317
KNHANES,low_bone_mass,37753,9113,7937,5813,7937,20.400265433677614,3.068577589946317
KNHANES,osteoporosis_tf,37753,9113,8420,267,8420,20.396853708653566,3.080060785736814
KNHANES,osteoporosis_fn,37753,9113,8420,1208,8420,20.396853708653566,3.080060785736814
KNHANES,osteoporosis_ls,37753,9113,8001,1593,8001,20.394576647434604,3.0780580378554347
