dataset,outcome,mbr_z,or,low,high
NHANES,prev_fracture,-1.7643409234392349,0.664455866935573,0.3229134866741984,1.3672442227554105
NHANES,prev_fracture,-1.7305076453877233,0.6792909658734401,0.34447442175006876,1.3395369501543521
NHANES,prev_fracture,-1.6966743673362117,0.6940402243804495,0.3663816856342977,1.3147268325493306
NHANES,prev_fracture,-1.6628410892847,0.7086660264663756,0.38845769301270844,1.2928242794543183
NHANES,prev_fracture,-1.6290078112331885,0.7231290657905859,0.41050225011236774,1.2738435554202845
NHANES,prev_fracture,-1.595174533181677,0.7373884333395069,0.4322966973541021,1.257797491747904
NHANES,prev_fracture,-1.5613412551301653,0.7514017223803081,0.45361059114630975,1.2446899596618617
NHANES,prev_fracture,-1.527507977078654,0.7651251512108511,0.4742111644989411,1.2345059349962542
NHANES,prev_fracture,-1.4936746990271423,0.7785137040905706,0.4938753970173912,1.2271993930393708
NHANES,prev_fracture,-1.4598414209756307,0.7915212905840115,0.5124039101894596,1.2226798839535218
NHANES,prev_fracture,-1.4260081429241191,0.8041009233785598,0.5296351908682214,1.22079934665657
NHANES,prev_fracture,-1.3921748648726076,0.8162049144511928,0.5454580721372492,1.2213412843336762
NHANES,prev_fracture,-1.358341586821096,0.827785089256789,0.5598202722275909,1.224014541790826
NHANES,prev_fracture,-1.3245083087695844,0.8387930183941062,0.5727313206146482,1.2284533818608505
NHANES,prev_fracture,-1.2906750307180728,0.8491802659766519,0.5842593249020461,1.2342244160931009
NHANES,prev_fracture,-1.2568417526665612,0.8588986536964829,0.5945223782752984,1.2408395785903112
NHANES,prev_fracture,-1.2230084746150496,0.8679010391159099,0.6036765750051039,1.2477744621647904
NHANES,prev_fracture,-1.189175196563538,0.8761669568045046,0.6119060725716364,1.2545528972605433
NHANES,prev_fracture,-1.1553419185120264,0.8837159638654988,0.6194024777654976,1.2608181801403648
NHANES,prev_fracture,-1.1215086404605148,0.8905739076666126,0.6263439764178695,1.2662720723403968
NHANES,prev_fracture,-1.0876753624090032,0.8967697265227635,0.6328910285756096,1.2706704726367237
NHANES,prev_fracture,-1.0538420843574916,0.9023351695340066,0.63918517242766415,1.273822975407189
NHANES,prev_fracture,-1.02000880630598,0.9073045186896792,0.6453493452091497,1.275590493344223
NHANES,prev_fracture,-0.9861755282544685,0.9117143166060325,0.6514891269390344,1.27588160835444
NHANES,prev_fracture,-0.9523422502029569,0.9156031029611867,0.65769446116407,1.274648171231933
NHANES,prev_fracture,-0.9185089721514453,0.9190111623784328,0.6640415473598883,1.2718805320752364
NHANES,prev_fracture,-0.8846756940999337,0.9219802861939953,0.6705947131223016,1.2676026689392221
NHANES,prev_fracture,-0.8508424160484221,0.9245535502349802,0.6774081571843462,1.2618673958770852
NHANES,prev_fracture,-0.8170091379969107,0.9267751104332619,0.684527510435285,1.2547517699798656
NHANES,prev_fracture,-0.7831758599453991,0.9286900178166594,0.6919911976700437,1.2463527745674434
NHANES,prev_fracture,-0.7493425818938875,0.9303440541543652,0.6998316037667263,1.2367833267914112
NHANES,prev_fracture,-0.7155093038423759,0.9317835892929112,0.7080760592526274,1.2261686381431756
NHANES,prev_fracture,-0.6816760257908643,0.9330554610050465,0.7167476653651559,1.2146429425309755
NHANES,prev_fracture,-0.6478427477393527,0.9342068779891979,0.7258659802207191,1.2023465965672386
NHANES,prev_fracture,-0.6140094696878411,0.9352853465035701,0.7354475872019963,1.1894235491509526
NHANES,prev_fracture,-0.5801761916363295,0.9363386209978347,0.7455065651930926,1.1760191715347887
NHANES,prev_fracture,-0.5463429135848179,0.9374146790178206,0.7560548784622261,1.1622784343715962
NHANES,prev_fracture,-0.5125096355333063,0.9385617206053681,0.7671027021844591,1.1483444144795705
NHANES,prev_fracture,-0.4786763574817947,0.9398281923971344,0.7786586980261907,1.134357111098187
NHANES,prev_fracture,-0.4448430794302831,0.9412628366430569,0.7907302530014834,1.120452549124451
NHANES,prev_fracture,-0.4110098013787715,0.9429147654178694,0.8033236940343527,1.1067621451297758
NHANES,prev_fracture,-0.37717652332726015,0.9448335603880567,0.816444490381472,1.093412310760362
NHANES,prev_fracture,-0.34334324527574855,0.9470693986226808,0.8300974563525599,1.080524267293474
NHANES,prev_fracture,-0.30950996722423696,0.9496732051006744,0.8442869677003394,1.068214044500435
NHANES,prev_fracture,-0.27567668917272536,0.9526968327709344,0.8590172067672678,1.0565926363541087
NHANES,prev_fracture,-0.24184341112121377,0.9561932712668746,0.8742924541587443,1.0457662852595515
NHANES,prev_fracture,-0.20801013306970217,0.9602168856666442,0.8901174486277749,1.0358368650572467
NHANES,prev_fracture,-0.17417685501819058,0.964823687027437,0.9064978423739518,1.026902330634788
NHANES,prev_fracture,-0.14034357696667898,0.9700716368115586,0.9234407865756241,1.0190571980645249
NHANES,prev_fracture,-0.10651029891516739,0.9760209877686491,0.9409556922766754,1.0123930131715333
NHANES,prev_fracture,-0.0726770208636558,0.9827346643494279,0.9590552249211873,1.006998758171978
NHANES,prev_fracture,-0.0388437428121442,0.990277488291199,0.9777566239350148,1.0029586911614758
NHANES,prev_fracture,-0.005010464760632605,0.9986823082786567,0.9970831316070653,1.000284049797597
NHANES,prev_fracture,0.02882281329087899,1.0079439083526998,0.9989080871417437,1.017061464876451
NHANES,prev_fracture,0.06265609134239059,1.0180561139585,0.998765308429843,1.0377195147052765
NHANES,prev_fracture,0.09648936939390218,1.0290137971941746,0.9997952645794501,1.0590862272801147
NHANES,prev_fracture,0.13032264744541355,1.040812728152599,1.0019419150023265,1.0811915529873208
NHANES,prev_fracture,0.16415592549692515,1.0534494293183985,1.0051530623077096,1.1040663772971995
NHANES,prev_fracture,0.19798920354843674,1.0669210320789793,1.0093798515622738,1.127742432079095
NHANES,prev_fracture,0.23182248159994834,1.0812251344943946,1.0145763276223803,1.152252186094307
NHANES,prev_fracture,0.26565575965145993,1.0963596595517124,1.0206990447045388,1.1776287137020789
NHANES,prev_fracture,0.29948903770297153,1.1123227132066362,1.0277067228404702,1.203905541160337
NHANES,prev_fracture,0.3333223157544831,1.1291124415895497,1.0355599462036629,1.2311164702980715
NHANES,prev_fracture,0.3671555938059947,1.1467268868260012,1.04422089852543,1.2592953797674151
NHANES,prev_fracture,0.4009888718575063,1.1651638409938387,1.0536531309711294,1.2884760045350396
NHANES,prev_fracture,0.4348221499090179,1.1844206978116532,1.063821357951674,1.3186916947275373
NHANES,prev_fracture,0.4686554279605295,1.20449430172668,1.0746912764303151,1.349975155386976
NHANES,prev_fracture,0.5024887060120411,1.2253807941455737,1.086229404375252,1.3823581691055968
NHANES,prev_fracture,0.5363219840635527,1.247075456629141,1.098402934125712,1.415871303880538
NHANES,prev_fracture,0.5701552621150643,1.2695725509528066,1.1111795965978652,1.450543608852936
NHANES,prev_fracture,0.6039885401665759,1.29286515601873,1.1245275324661463,1.4864023008682143
NHANES,prev_fracture,0.6378218182180875,1.3169450016935682,1.1384151667175875,1.5234724450187513
NHANES,prev_fracture,0.6716550962695991,1.341802299738141,1.1528110832881617,1.561776632513967
NHANES,prev_fracture,0.7054883743211107,1.3674255720920054,1.167683896842546,1.6013346593776692
NHANES,prev_fracture,0.7393216523726223,1.3938014768772349,1.1830021191404299,1.642163209611759
NHANES,prev_fracture,0.7731549304241339,1.4209146325916084,1.1987340178302146,1.6842755466032924
NHANES,prev_fracture,0.8069882084756455,1.448747441071784,1.2148474659113824,1.727681216701114
NHANES,prev_fracture,0.840821486527157,1.4772799099216734,1.2313097804984041,1.7723857690587201
NHANES,prev_fracture,0.8746547645786686,1.5064894752197349,1.2480875498930468,1.8183904960371688
NHANES,prev_fracture,0.9084880426301802,1.5363508254407585,1.2651464483233934,1.8656921986861927
NHANES,prev_fracture,0.9423213206816918,1.56683572765225,1.2824510380359828,1.9142829820678693
NHANES,prev_fracture,0.976154598733203,1.5979128571718662,1.2999645587356246,1.9641500854443141
NHANES,prev_fracture,1.0099878767847146,1.6295476319994955,1.3176487046629803,2.0152757526023226
NHANES,prev_fracture,1.0438211548362262,1.661702053464304,1.3354633898936967,2.0676371478122526
NHANES,prev_fracture,1.0776544328877378,1.6943345546520046,1.3533665027483124,2.121206323089916
NHANES,prev_fracture,1.1114877109392494,1.7273998582991337,1.3713136505349803,2.175950242519482
NHANES,prev_fracture,1.145320988990761,1.760848845957527,1.3892578962242454,2.231830869370475
NHANES,prev_fracture,1.1791542670422726,1.7946284403414454,1.4071494890943,2.2888053215691677
NHANES,prev_fracture,1.2129875450937841,1.82868150286988,1.4249355919037288,2.3468261007297335
NHANES,prev_fracture,1.2468208231452957,1.8629467485050626,1.442560007763027,2.4058413993795567
NHANES,prev_fracture,1.2806541011968073,1.8973586800627833,1.4599629106004937,2.465795490194263
NHANES,prev_fracture,1.314487379248319,1.9318527125086438,1.477084048429155,2.5266367928053644
NHANES,prev_fracture,1.3483206572998305,1.9663992627766016,1.4938852775242708,2.5883688117312884
NHANES,prev_fracture,1.3821539353513421,2.000985334231499,1.5103379585321852,2.651024087152491
NHANES,prev_fracture,1.4159872134028537,2.0355980866277115,1.5264121216174384,2.7146401103599964
NHANES,prev_fracture,1.4498204914543653,2.070224773331804,1.5420766928685683,2.779259054972308
NHANES,prev_fracture,1.483653769505877,2.1048527579480085,1.5572997728503015,2.8449276175854283
NHANES,prev_fracture,1.5174870475573885,2.1394695306555747,1.57204891421586,2.911696850658595
NHANES,prev_fracture,1.5513203256089,2.174062724231171,1.586291398099137,2.9796219878361025
NHANES,prev_fracture,1.5851536036604117,2.2086201297307877,1.5999945083445033,3.04876226262755
NHANES,prev_fracture,1.6189868817119233,2.243129711806923,1.6131258020902168,3.119180721969262
NHANES,prev_fracture,1.6528201597634349,2.2775796236382084,1.6256533748031794,3.1909440366646464
NHANES,prev_fracture,1.6866534378149465,2.3119582214500474,1.637546117569385,3.2641223110493462
NHANES,prev_fracture,1.720486715866458,2.346254078606274,1.6487739642744388,3.3387888944492596
NHANES,prev_fracture,1.7543199939179697,2.380455999253325,1.6593081262573728,3.415020197100037
NHANES,prev_fracture,1.7881532719694813,2.414553031499876,1.6691213120805664,3.4928955131835453
NHANES,prev_fracture,1.8219865500209929,2.448534480116458,1.6781879302175413,3.5724968535210517
NHANES,prev_fracture,1.8558198280725045,2.4823899187410268,1.6864842727042182,3.6539087902587517
NHANES,prev_fracture,1.889653106124016,2.5161092015780273,1.69398867811124,3.7372183156054652
NHANES,prev_fracture,1.9234863841755276,2.5496824745799973,1.7006816725569123,3.822514716352852
NHANES,prev_fracture,1.9573196622270392,2.583100186102289,1.7065460878734198,3.9098894655440417
NHANES,prev_fracture,1.9911529402785508,2.6163530970229867,1.7115671564448431,3.9994361322756378
NHANES,prev_fracture,2.0249862183300618,2.649432290321617,1.7157325826372603,4.091250310237251
NHANES,prev_fracture,2.058819496381574,2.6823291801117177,1.7190325911237332,4.185429565227436
NHANES,prev_fracture,2.092652774433085,2.715035520123786,1.721459952757992,4.282073401547281
NHANES,prev_fracture,2.126486052484597,2.7475434116366038,1.723009988960721,4.3812832468725755
NHANES,prev_fracture,2.160319330536108,2.779845310856281,1.7236805558450046,4.483162454948829
NHANES,prev_fracture,2.19415260858762,2.8119340357437976,1.72347200951935,4.587816325244257
NHANES,prev_fracture,2.2279858866391313,2.8438027722931287,1.7223871541667126,4.695352138535116
NHANES,prev_fracture,2.2618191646906434,2.8754450802633547,1.7204311746078276,4.805879207283874
NHANES,self_report_osteoporosis,-1.7579955594463748,0.0827223850970209,0.014856395867344548,0.46060922563198725
NHANES,self_report_osteoporosis,-1.724250768543981,0.08963670111964243,0.016149249336499152,0.49753013407580965
NHANES,self_report_osteoporosis,-1.6905059776415874,0.09702710665575115,0.01752608432262249,0.5371570313532432
NHANES,self_report_osteoporosis,-1.6567611867391936,0.10491218302365865,0.018993851855071436,0.5794804671939594
NHANES,self_report_osteoporosis,-1.6230163958368,0.11330931711601808,0.020560735046187734,0.6244427213548908
NHANES,self_report_osteoporosis,-1.5892716049344062,0.12223438836104948,0.022236300930946196,0.6719303603777991
NHANES,self_report_osteoporosis,-1.5555268140320127,0.1317014319019773,0.024031667905899026,0.7217670963559479
NHANES,self_report_osteoporosis,-1.5217820231296189,0.14172227964996312,0.025959693955124825,0.773707293464345
NHANES,self_report_osteoporosis,-1.4880372322272253,0.15230618151364553,0.02803519150483903,0.8274305143684707
NHANES,self_report_osteoporosis,-1.4542924413248315,0.16345940981044657,0.030275175429971286,0.8825375336761462
NHANES,self_report_osteoporosis,-1.4205476504224377,0.17518485061299308,0.032699151500078495,0.9385482642943512
NHANES,self_report_osteoporosis,-1.3868028595200441,0.18748158656760314,0.03532945344823587,0.9949020398350036
NHANES,self_report_osteoporosis,-1.3530580686176503,0.20034447652722837,0.03819163791699194,1.0509606674164473
NHANES,self_report_osteoporosis,-1.3193132777152567,0.21376373815208002,0.0413149478115071,1.1060146065590335
NHANES,self_report_osteoporosis,-1.285568486812863,0.2277245404280172,0.04473285608844448,1.1592925390370477
NHANES,self_report_osteoporosis,-1.2518236959104692,0.24220661381348807,0.0484837037247984,1.2099744711745426
NHANES,self_report_osteoporosis,-1.2180789050080756,0.25718460287260825,0.05261113222803525,1.2572228947297708
NHANES,self_report_osteoporosis,-1.184334114105682,0.27263898393485964,0.057159761284763626,1.3004255771943964
NHANES,self_report_osteoporosis,-1.1505893232032882,0.2885565934735891,0.06217474001611995,1.3392079744200647
NHANES,self_report_osteoporosis,-1.1168445323008944,0.30492325335073606,0.06770504951124134,1.3732829545979375
NHANES,self_report_osteoporosis,-1.0830997413985008,0.321723673434222,0.07380383154288085,1.4024491667193686
NHANES,self_report_osteoporosis,-1.049354950496107,0.33894158909961286,0.08052859524176983,1.4265913924918725
NHANES,self_report_osteoporosis,-1.0156101595937135,0.3565599079833829,0.08794138681831978,1.4456784522146513
NHANES,self_report_osteoporosis,-0.9818653686913197,0.3745608646031831,0.09610891050928859,1.4597589396117956
NHANES,self_report_osteoporosis,-0.948120577788926,0.3929261814232748,0.1051025871227537,1.4689551254105342
NHANES,self_report_osteoporosis,-0.9143757868865323,0.4116372349290865,0.11499853473842979,1.4734554102404518
NHANES,self_report_osteoporosis,-0.8806309959841386,0.4306752252830475,0.12587745437730483,1.4735057249937935
NHANES,self_report_osteoporosis,-0.846886205081745,0.45002134816356826,0.13782440189335668,1.4694002732524625
NHANES,self_report_osteoporosis,-0.8131414141793512,0.4696569674389381,0.1509284260964512,1.4614719888682797
NHANES,self_report_osteoporosis,-0.7793966232769575,0.4895637873964811,0.16528205235548557,1.4500830460073386
NHANES,self_report_osteoporosis,-0.7456518323745638,0.5097240233327789,0.1809805908531698,1.4356157129211
NHANES,self_report_osteoporosis,-0.7119070414721702,0.5301205694111694,0.19812124950115287,1.4184637883135653
NHANES,self_report_osteoporosis,-0.6781622505697764,0.5507371628060221,0.21680203354262165,1.399024804054701
NHANES,self_report_osteoporosis,-0.6444174596673826,0.5715585432773383,0.2371204173664285,1.377693123272835
NHANES,self_report_osteoporosis,-0.610672668764989,0.5925706074518782,0.2591717793564643,1.3548540110647265
NHANES,self_report_osteoporosis,-0.5769278778625953,0.6137605572261997,0.2830475980465698,1.3308787080561497
NHANES,self_report_osteoporosis,-0.5431830869602017,0.6351170418506403,0.30883341779956336,1.3061204960368065
NHANES,self_report_osteoporosis,-0.5094382960578079,0.6566302933994835,0.3366066050326714,1.2809117104759211
NHANES,self_report_osteoporosis,-0.4756935051554143,0.6782922554796075,0.366433932009985,1.2555616269485554
NHANES,self_report_osteoporosis,-0.4419487142530205,0.7000967051761277,0.39836904472560414,1.2303551269553943
NHANES,self_report_osteoporosis,-0.40820392335062694,0.7220393683777003,0.4324498946754334,1.2055520325159297
NHANES,self_report_osteoporosis,-0.37445913244823315,0.7441180287649117,0.46869624157050693,1.1813869871830027
NHANES,self_report_osteoporosis,-0.34071434154583935,0.7663326308818107,0.5071073654204508,1.1580697524819548
NHANES,self_report_osteoporosis,-0.3069695506434458,0.7886853778422974,0.5476601619709556,1.135785781795163
NHANES,self_report_osteoporosis,-0.273224759741052,0.8111808243494977,0.5903078351736322,1.1146969268987992
NHANES,self_report_osteoporosis,-0.2394799688386584,0.8338259658271189,0.6349794440243786,1.0949421242380164
NHANES,self_report_osteoporosis,-0.2057351779362646,0.8566303245773113,0.6815806083321444,1.076637897285702
NHANES,self_report_osteoporosis,-0.17199038703387104,0.8796060339899188,0.7299957279713997,1.059878497072228
NHANES,self_report_osteoporosis,-0.13824559613147724,0.9027679219339059,0.7800921213049756,1.0447354852264221
NHANES,self_report_osteoporosis,-0.10450080522908345,0.926133594563861,0.831726537277399,1.0312565447141775
NHANES,self_report_osteoporosis,-0.07075601432668988,0.9497235218738965,0.8847545330355038,1.0194632910282733
NHANES,self_report_osteoporosis,-0.03701122342429608,0.9735603618362807,0.939046342311328,1.0093429210382387
NHANES,self_report_osteoporosis,-0.003266432521902507,0.9976542187428704,0.9945601028024331,1.000757960600762
NHANES,self_report_osteoporosis,0.03047835838049129,1.022002147190441,0.993481761516371,1.0513412820660626
NHANES,self_report_osteoporosis,0.06422314928288486,1.0466008473691435,0.9872963246039164,1.1094676506096095
NHANES,self_report_osteoporosis,0.09796794018527866,1.0714471864615591,0.9819949956581948,1.1690477837994782
NHANES,self_report_osteoporosis,0.13171273108767245,1.0965382168971753,0.9773821825530982,1.230220974537475
NHANES,self_report_osteoporosis,0.16545752199006603,1.1218711945366444,0.9732735794075781,1.293156419490162
NHANES,self_report_osteoporosis,0.19920231289245982,1.1474435967687728,0.9694967937268305,1.3580517401243066
NHANES,self_report_osteoporosis,0.2329471037948534,1.1732531405055278,0.9658922582241669,1.425130929444324
NHANES,self_report_osteoporosis,0.2666918946972472,1.1992978000628398,0.962314299938113,1.4946418372127135
NHANES,self_report_osteoporosis,0.300436685599641,1.2255758249174507,0.9586322378036393,1.5668533180810449
NHANES,self_report_osteoporosis,0.33418147650203434,1.2520857573326185,0.9547313873455656,1.6420521672319968
NHANES,self_report_osteoporosis,0.36792626740442813,1.2788264498481692,0.950513867500408,1.7205399571201625
NHANES,self_report_osteoporosis,0.4016710583068219,1.3057970826329404,0.9458991281770357,1.8026298684711
NHANES,self_report_osteoporosis,0.4354158492092157,1.3329971807004797,0.9408241453907156,1.888643581758316
NHANES,self_report_osteoporosis,0.4691606401116095,1.3604266309915056,0.9352432604733995,1.9789082654004737
NHANES,self_report_osteoporosis,0.5029054310140029,1.388085699329408,0.9291276678767337,2.0737536673360966
NHANES,self_report_osteoporosis,0.5366502219163967,1.4159750472578747,0.9224645799305919,2.1735092903055415
NHANES,self_report_osteoporosis,0.5703950128187905,1.4440957487724853,0.9152561149816358,2.2785016100816846
NHANES,self_report_osteoporosis,0.6041398037211843,1.4724493069609286,0.9075179669710953,2.389051281051688
NHANES,self_report_osteoporosis,0.6378845946235776,1.5010376705693138,0.8992779199369713,2.5054702651056626
NHANES,self_report_osteoporosis,0.6716293855259714,1.5298632505148857,0.8905742709882195,2.6280588172380868
NHANES,self_report_osteoporosis,0.7053741764283652,1.5589289363682406,0.8814542211954941,2.7571022637456024
NHANES,self_report_osteoporosis,0.739118967330759,1.5882381128310274,0.8719722868779575,2.8928675154123518
NHANES,self_report_osteoporosis,0.7728637582331528,1.617794676237932,0.862188775159785,3.0355992676647316
NHANES,self_report_osteoporosis,0.8066085491355461,1.6476030511145934,0.8521683584488019,3.185515851566565
NHANES,self_report_osteoporosis,0.8403533400379399,1.6776682068259972,0.8419787734344739,3.3428047131330656
NHANES,self_report_osteoporosis,0.8740981309403337,1.7079956743527318,0.8316896618498703,3.5076175133871526
NHANES,self_report_osteoporosis,0.9078429218427275,1.7385915632354079,0.8213715629143656,3.6800648576489365
NHANES,self_report_osteoporosis,0.9415877127451209,1.7694625787304874,0.8110950612213871,3.860210679636903
NHANES,self_report_osteoporosis,0.9753325036475147,1.800616039223677,0.8009300888835689,4.048066324027045
NHANES,self_report_osteoporosis,1.0090772945499085,1.8320598939500479,0.79094537693699285,4.243584390136257
NHANES,self_report_osteoporosis,1.0428220854523023,1.8638027410730909,0.7812080482265172,4.4466524193108725
NHANES,self_report_osteoporosis,1.076566876354696,1.895853846177981,0.7717833421095093,4.657086529289005
NHANES,self_report_osteoporosis,1.1103116672570894,1.928223161237486,0.7627344601811983,4.8746251200573925
NHANES,self_report_osteoporosis,1.1440564581594832,1.960921344112162,0.754122521699793,5.098922797223366
NHANES,self_report_osteoporosis,1.177801249061877,1.9939597786498122,0.7460066173411459,5.32954468023848
NHANES,self_report_osteoporosis,1.2115460399642708,2.0273505954525612,0.738443950220878,5.565961283388475
NHANES,self_report_osteoporosis,1.2452908308666646,2.0611066933834588,0.7314900536790913,5.807544176634542
NHANES,self_report_osteoporosis,1.279035621769058,2.0952417618881234,0.7251990760330546,6.053562650374847
NHANES,self_report_osteoporosis,1.3127804126714517,2.1297692217079063,0.7196177836325739,6.303230744017122
NHANES,self_report_osteoporosis,1.3465252035738455,2.1646952980121528,0.7147465064671101,6.556038666628376
NHANES,self_report_osteoporosis,1.3802699944762393,2.200022925102122,0.7105654286823877,6.811618853945611
NHANES,self_report_osteoporosis,1.4140147853786327,2.235755068752835,0.7070549838772809,7.069606807723979
NHANES,self_report_osteoporosis,1.4477595762810265,2.2718947428650846,0.7041960945499144,7.329642641595416
NHANES,self_report_osteoporosis,1.4815043671834203,2.308445011464961,0.7019702616940329,7.59137339820839
NHANES,self_report_osteoporosis,1.515249158085814,2.3454089907433557,0.7003596067165755,7.8544554556041275
NHANES,self_report_osteoporosis,1.5489939489882079,2.3827898511358345,0.6993468766383953,8.118556991299242
NHANES,self_report_osteoporosis,1.5827387398906012,2.42059081944328,0.69891542083770275,8.383360476079249
NHANES,self_report_osteoporosis,1.616483530792995,2.4588151809937413,0.6990491455707389,8.648565172551942
NHANES,self_report_osteoporosis,1.6502283216953888,2.497466281845974,0.6997324509832796,8.9138896162279
NHANES,self_report_osteoporosis,1.6839731125977826,2.5365475310351244,0.7009501541838983,9.17907405939791
NHANES,self_report_osteoporosis,1.717717903500176,2.576062402861104,0.7026874010934051,9.443882860441974
NHANES,self_report_osteoporosis,1.7514626944025697,2.6160144392201867,0.7049295691468708,9.708106803479357
NHANES,self_report_osteoporosis,1.7852074853049635,2.656407251980401,0.7076621624553296,9.971565335485206
NHANES,self_report_osteoporosis,1.8189522762073573,2.6972445254013224,0.7108707006967793,10.234108710172592
NHANES,self_report_osteoporosis,1.8526970671097511,2.7385300185989214,0.7145406027731381,10.495620030074715
NHANES,self_report_osteoporosis,1.8864418580121445,2.7802675680561038,0.7186570661210566,10.756017180359168
NHANES,self_report_osteoporosis,1.9201866489145383,2.8224610901797016,0.7232049424847116,11.01525464995947
NHANES,self_report_osteoporosis,1.953931439816932,2.8651145839046017,0.7281686109364784,11.273325237606178
NHANES,self_report_osteoporosis,1.9876762307193259,2.908232133345829,0.733531848957917,11.530261642273233
NHANES,self_report_osteoporosis,2.0214210216217197,2.95181791049941,0.7392777024618875,11.786137939408906
NHANES,self_report_osteoporosis,2.055165812524113,2.9958761779928254,0.7453883557411196,12.041070946085583
NHANES,self_report_osteoporosis,2.088910603426507,3.0404112918860364,0.751845002464153,12.295221479867275
NHANES,self_report_osteoporosis,2.1226553943289006,3.085427704523937,0.7586277190014041,12.548795517747529
NHANES,self_report_osteoporosis,2.1564001852312944,3.1309299674413,0.7657153415472004,12.802045262949349
NHANES,self_report_osteoporosis,2.1901449761336877,3.1769227343212028,0.7730853487024691,13.05527012869475
NHANES,self_report_osteoporosis,2.2238897670360815,3.223410764008039,0.7807137513910682,13.308817649246494
NHANES,self_report_osteoporosis,2.2576345579384753,3.270398923576228,0.7885749921932252,13.563084329597688
KNHANES,osteoporosis_any,-1.790915947220185,0.10709929694792054,0.06921863571206541,0.16571056751902286
KNHANES,osteoporosis_any,-1.7555755098742578,0.1078100206389137,0.07105626265683974,0.16357461137936996
KNHANES,osteoporosis_any,-1.7202350725283306,0.10868328841338981,0.07292802226451219,0.1619687030248178
KNHANES,osteoporosis_any,-1.6848946351824035,0.10972746228885215,0.07483590832018154,0.1608868823885782
KNHANES,osteoporosis_any,-1.6495541978364763,0.11095186729285306,0.0767835678394705,0.1603248872402979
KNHANES,osteoporosis_any,-1.614213760490549,0.11236690103893955,0.07877676866516492,0.16027974570475356
KNHANES,osteoporosis_any,-1.578873323144622,0.11398415680678106,0.08082386353908483,0.16074940536182106
KNHANES,osteoporosis_any,-1.5435328857986947,0.11581656213859584,0.08293621270326372,0.16173244025013672
KNHANES,osteoporosis_any,-1.5081924484527676,0.11787853527449946,0.08512853048426162,0.16322787436146752
KNHANES,osteoporosis_any,-1.4728520111068404,0.12018616211316732,0.08741913387316995,0.16523514845673623
KNHANES,osteoporosis_any,-1.4375115737609132,0.12275739681105752,0.08983009095037944,0.16775423816671295
KNHANES,osteoporosis_any,-1.402171136414986,0.1256122896351137,0.09238728945455682,0.17078591005894542
KNHANES,osteoporosis_any,-1.3668306990690589,0.12877324627443196,0.09512046510444777,0.17433208445571524
KNHANES,osteoporosis_any,-1.3314902617231317,0.13226532351271753,0.09806324094284335,0.17839626383672505
KNHANES,osteoporosis_any,-1.2961498243772045,0.13611656698579122,0.10125323141549017,0.1829839852909913
KNHANES,osteoporosis_any,-1.2608093870312773,0.14035839772142336,0.10473225968443521,0.1881032632188404
KNHANES,osteoporosis_any,-1.2254689496853501,0.14502605531191626,0.10854672732613323,0.1937650009119279
KNHANES,osteoporosis_any,-1.190128512339423,0.15015910693889223,0.11274816590086364,0.1999833630687287
KNHANES,osteoporosis_any,-1.1547880749934958,0.15580199770182476,0.11739395197698378,0.20677609092365007
KNHANES,osteoporosis_any,-1.1194476376475686,0.1619985728995408,0.12254107362210151,0.21416115303852337
KNHANES,osteoporosis_any,-1.0841072003016414,0.16878437888038653,0.12823669223572784,0.22215300517632047
KNHANES,osteoporosis_any,-1.0487667629557142,0.17619672111698478,0.13452945422982293,0.23076942302419812
KNHANES,osteoporosis_any,-1.013426325609787,0.18427631659409344,0.14147166793827953,0.2400322365061919
KNHANES,osteoporosis_any,-0.9780858882638598,0.19306740897461863,0.1491197113664995,0.2499671174695331
KNHANES,osteoporosis_any,-0.9427454509179325,0.20261788400025643,0.157534409794152,0.2606034260729834
KNHANES,osteoporosis_any,-0.9074050135720053,0.21297938155497187,0.1667813795431142,0.27197410821159657
KNHANES,osteoporosis_any,-0.8720645762260781,0.22420740039506412,0.17693133329779542,0.28411563658599837
KNHANES,osteoporosis_any,-0.836724138880151,0.23636139106204299,0.1880603408612959,0.29706798854516897
KNHANES,osteoporosis_any,-0.8013837015342238,0.24950483194721543,0.2002500373816379,0.3108746544020197
KNHANES,osteoporosis_any,-0.7660432641882966,0.26370528287426087,0.21358776905200816,0.3255826704143391
KNHANES,osteoporosis_any,-0.7307028268423694,0.2790344099143898,0.22816666420282936,0.34124267095853106
KNHANES,osteoporosis_any,-0.6953623894964422,0.2955679744562918,0.2440856156722954,0.3579089545427518
KNHANES,osteoporosis_any,-0.6600219521505151,0.3133857788309719,0.2614491584819565,0.37563955816011046
KNHANES,osteoporosis_any,-0.6246815148045879,0.3325715600538639,0.28036722529312563,0.3944963340170157
KNHANES,osteoporosis_any,-0.5893410774586607,0.3532128225109485,0.300954761052839,0.4145450218155767
KNHANES,osteoporosis_any,-0.5540006401127335,0.3754005997037572,0.32333117788042565,0.4358553084232962
KNHANES,osteoporosis_any,-0.5186602027668064,0.3992291345063187,0.34761963188957073,0.4585008647880285
KNHANES,osteoporosis_any,-0.4833197654208792,0.42479546680639435,0.3739461056632458,0.48255934715299953
KNHANES,osteoporosis_any,-0.447979328074952,0.4521989169399452,0.40243828398448306,0.5081123457169493
KNHANES,osteoporosis_any,-0.4126388907290248,0.4815404530231873,0.4332242167942771,0.535245258479834
KNHANES,osteoporosis_any,-0.37729845338309764,0.5129219301874886,0.4664307729872358,0.5640470605794666
KNHANES,osteoporosis_any,-0.34195801603717046,0.546445189880497,0.5021819025618381,0.5946099292312964
KNHANES,osteoporosis_any,-0.3066175786912433,0.582211007868342,0.5405967440551269,0.6270286704658814
KNHANES,osteoporosis_any,-0.2712771413453161,0.620317880418264,0.5817876406106587,0.661399874983109
KNHANES,osteoporosis_any,-0.23593670399938893,0.6608606394206233,0.625858163153521,0.6978207051496187
KNHANES,osteoporosis_any,-0.20059626665346175,0.7039288889865761,0.6729012846077094,0.73638718201995
KNHANES,osteoporosis_any,-0.16525582930753457,0.7496052583939096,0.722997905560812,0.7771917997133635
KNHANES,osteoporosis_any,-0.1299153919616074,0.7979634692055052,0.7762159959041594,0.8203202479031433
KNHANES,osteoporosis_any,-0.09457495461568,0.8490663132625379,0.8326108226293818,0.8658470256735263
KNHANES,osteoporosis_any,-0.05923451726975282,0.9029857516710598,0.8922620320663608,0.9138383551215657
KNHANES,osteoporosis_any,-0.02389407992382564,0.959837442180627,0.9553302218775448,0.9643659274184883
KNHANES,osteoporosis_any,0.011446357422101539,1.019746274576301,1.0174979508485102,1.0219995663333454
KNHANES,osteoporosis_any,0.04678679476802872,1.082840188282426,1.0732968024694254,1.0924684305979022
KNHANES,osteoporosis_any,0.0821272321139559,1.1492500993307242,1.131818756842433,1.1669499050328533
KNHANES,osteoporosis_any,0.11746766945988307,1.2191098153991853,1.193113935941482,1.2456720998987056
KNHANES,osteoporosis_any,0.15280810680581025,1.2925559384678291,1.25722648652562,1.3288781870046966
KNHANES,osteoporosis_any,0.18814854415173743,1.369727754654445,1.3241949743262202,1.416826191192378
KNHANES,osteoporosis_any,0.2234889814976646,1.450767110813185,1.3940529689100079,1.509788549471613
KNHANES,osteoporosis_any,0.2588294188435918,1.5358182775015008,1.46682978126273,1.6080514669378625
KNHANES,osteoporosis_any,0.29416985618951896,1.6250277979463918,1.542551309460852,1.7119141048354978
KNHANES,osteoporosis_any,0.32951029353544614,1.7185443226693906,1.621240946665732,1.8216876369013433
KNHANES,osteoporosis_any,0.3648507308813733,1.8165184294610766,1.7029205094559563,1.9376942060706792
KNHANES,osteoporosis_any,0.4001911682273005,1.919102428430333,1.787611151831902,2.0602658061474926
KNHANES,osteoporosis_any,0.4355316055732277,2.0264501518909475,1.8753342393849632,2.1897431038456467
KNHANES,osteoporosis_any,0.47087204291915485,2.138716728888546,1.9661121675163882,2.326474207321437
KNHANES,osteoporosis_any,0.506212480265082,2.256058344214239,2.0599691159879585,2.470813379188761
KNHANES,osteoporosis_any,0.5415529176110092,2.378631981797645,2.156931738754153,2.623119685789685
KNHANES,osteoporosis_any,0.5768933549569364,2.5065951524211774,2.2570297926979825,2.7837555704707033
KNHANES,osteoporosis_any,0.6122337923028636,2.6401056057494636,2.360296711661049,2.9530853367179084
KNHANES,osteoporosis_any,0.6475742296487907,2.779321026722519,2.466770133327485,3.1314735269483687
KNHANES,osteoporosis_any,0.6829146669947179,2.924398716418642,2.5764923864817098,3.319283184170088
KNHANES,osteoporosis_any,0.7182551043406451,3.075495257552836,2.689510945295395,3.516873986244781
KNHANES,osteoporosis_any,0.7535955416865723,3.2327661648387638,2.8058788559329297,3.7246002458119447
KNHANES,osteoporosis_any,0.7889359790324995,3.3963655205065915,2.925655139138534,3.9428087728352716
KNHANES,osteoporosis_any,0.8242764163784266,3.566445595335489,3.048905170740877,4.171836601069851
KNHANES,osteoporosis_any,0.8596168537243538,3.7431564556276973,3.1757010402708152,4.412008584445489
KNHANES,osteoporosis_any,0.894957291070281,3.926645556620836,3.306121886167074,4.663634874395245
KNHANES,osteoporosis_any,0.9302977284162082,4.117057322906227,3.440254204335636,4.927008294542326
KNHANES,osteoporosis_any,0.9656381657621353,4.314532716493184,3.578192125095076,5.202401634930497
KNHANES,osteoporosis_any,1.0009786031080625,4.519208793232219,3.720037651727322,5.490064894193827
KNHANES,osteoporosis_any,1.0363190404539897,4.731218248383623,3.8659008518930134,5.790222504769421
KNHANES,osteoporosis_any,1.0716594777999169,4.950688952191577,4.015899990984934,6.103070583523322
KNHANES,osteoporosis_any,1.106999915145844,5.1777434763976835,4.170161593995249,6.428774258048406
KNHANES,osteoporosis_any,1.1423403524917712,5.412498612700846,4.32882041956673,6.767465127467848
KNHANES,osteoporosis_any,1.1776807898376984,5.655064884242934,4.492019326480322,7.119238925905287
KNHANES,osteoporosis_any,1.2130212271836256,5.905546051270878,4.659909008784432,7.484153466931871
KNHANES,osteoporosis_any,1.2483616645295528,6.164038612195633,4.832647570967606,7.862226958344312
KNHANES,osteoporosis_any,1.28370210187548,6.430631301336224,5.010399908874313,8.253436788644684
KNHANES,osteoporosis_any,1.3190425392214071,6.705404800970493,5.193335808222858,8.657721203717836
KNHANES,osteoporosis_any,1.3543829765673343,6.988440516410584,5.381584323955225,9.075078622110128
KNHANES,osteoporosis_any,1.3897234139132615,7.279825430334549,5.5752091681009395,9.505626909814643
KNHANES,osteoporosis_any,1.4250638512591887,7.579641629010944,5.774258172179062,9.949497495806481
KNHANES,osteoporosis_any,1.4604042886051158,7.8879652660359,5.978766168037673,10.406828815419352
KNHANES,osteoporosis_any,1.495744725951043,8.204866356526487,6.188753756642017,10.877768703627918
KNHANES,osteoporosis_any,1.5310851632969702,8.530408580864414,6.404225985989532,11.362477013721698
KNHANES,osteoporosis_any,1.5664256006428974,8.864649098610634,6.625170951373878,11.861128447591618
KNHANES,osteoporosis_any,1.601766037988825,9.207638373186294,6.851558332559339,12.373915581873723
KNHANES,osteoporosis_any,1.6371064753347522,9.559420007888322,7.083337884372556,12.901052071626575
KNHANES,osteoporosis_any,1.6724469126806794,9.920030593778614,7.320437899657518,13.442776010176603
KNHANES,osteoporosis_any,1.7077873500266065,10.28949956995408,7.562763666360706,13.999353420365834
KNHANES,osteoporosis_any,1.7431277873725337,10.667849096671999,7.81019594359783,14.57108184880459
KNHANES,osteoporosis_any,1.7784682247184609,11.055093941769536,8.062589484762887,15.158294031008047
KNHANES,osteoporosis_any,1.813808662064388,11.45124138078015,8.319771638916864,15.761361591646208
KNHANES,osteoporosis_any,1.8491490994103152,11.856291111111027,8.58154106465135,16.38069874074785
KNHANES,osteoporosis_any,1.8844895367562424,12.27023518060658,8.847666593153841,17.016765923785474
KNHANES,osteoporosis_any,1.9198299741021696,12.6930579307825,9.117886279077611,17.6700733813604
KNHANES,osteoporosis_any,1.9551704114480968,13.124735954972934,9.39190667879917,18.34118457294807
KNHANES,osteoporosis_any,1.990510848794024,13.56523807159157,9.669402395492362,19.030719419096776
KNHANES,osteoporosis_any,2.025851286139951,14.014525312664137,9.950015928939251,19.73935731781711
KNHANES,osteoporosis_any,2.0611917234858783,14.472550927746406,10.233357864951698,20.467839893841337
KNHANES,osteoporosis_any,2.0965321608318055,14.939260403298162,10.519007434573943,21.216973444091114
KNHANES,osteoporosis_any,2.1318725981777327,15.414591497539982,10.806513466836993,21.98763104910829
KNHANES,osteoporosis_any,2.16721303552366,15.898474290775653,11.0953957508039,22.780754328311446
KNHANES,osteoporosis_any,2.202553472869587,16.390831251119586,11.385146813162631,23.59735482656009
KNHANES,osteoporosis_any,2.237893910215514,16.891577315526117,11.675234106990352,24.438515030337825
KNHANES,osteoporosis_any,2.2732343475614414,17.400619985974117,11.96510259594416,25.30538902348539
KNHANES,osteoporosis_any,2.3085747849073686,17.917859440619488,12.254177706540508,26.19920280431716
KNHANES,osteoporosis_any,2.3439152222532957,18.443188659686886,12.541868609942705,27.12125429755693
KNHANES,osteoporosis_any,2.379255659599223,18.976493565832087,12.82757178437943,28.07291310523645
KNHANES,osteoporosis_any,2.4145960969451505,19.51765317866844,13.110674800541778,29.055620049934003
KNHANES,low_bone_mass,-1.790915947220185,0.04518377565205229,0.03231334909212983,0.06318050092406655
KNHANES,low_bone_mass,-1.7555755098742578,0.046386817493855016,0.03346790190157814,0.06429255241443001
KNHANES,low_bone_mass,-1.7202350725283306,0.04768866588870963,0.03467942642372494,0.06557804118378216
KNHANES,low_bone_mass,-1.6848946351824035,0.04909773530726034,0.03595456543415414,0.06704538306036432
KNHANES,low_bone_mass,-1.6495541978364763,0.05062331651663785,0.03730112057593643,0.06870357071248288
KNHANES,low_bone_mass,-1.614213760490549,0.05227568461075521,0.03872817665871919,0.07056224788491051
KNHANES,low_bone_mass,-1.578873323144622,0.05406622166043436,0.04024622750488246,0.07263180938587598
KNHANES,low_bone_mass,-1.5435328857986947,0.056007556192965546,0.04186730769411647,0.07492352681538697
KNHANES,low_bone_mass,-1.5081924484527676,0.058113722074442285,0.04360513660717568,0.07744969873090057
KNHANES,low_bone_mass,-1.4728520111068404,0.060400339796609775,0.04547528278192168,0.0802238232369219
KNHANES,low_bone_mass,-1.4375115737609132,0.06288482367537705,0.047495357686762794,0.08326079097590211
KNHANES,low_bone_mass,-1.402171136414986,0.06558661906542859,0.04968524865930091,0.0865770971567513
KNHANES,low_bone_mass,-1.3668306990690589,0.06852747440246786,0.05206740113474913,0.09019107244910725
KNHANES,low_bone_mass,-1.3314902617231317,0.07173175372317182,0.05466716062934133,0.09412313412597613
KNHANES,low_bone_mass,-1.2961498243772045,0.07522679630914235,0.057513185463424904,0.09839606061354468
KNHANES,low_bone_mass,-1.2608093870312773,0.07904333128676194,0.060637942064750004,0.10303529453946944
KNHANES,low_bone_mass,-1.2254689496853501,0.0832159564284758,0.06407829596452606,0.10806928149493282
KNHANES,low_bone_mass,-1.190128512339423,0.08778369208956356,0.06787621328142854,0.11352985419096322
KNHANES,low_bone_mass,-1.1547880749934958,0.09279060110798495,0.07207956395422296,0.1194526601111151
KNHANES,low_bone_mass,-1.1194476376475686,0.09828261403334115,0.07673853071306148,0.1258751259826062
KNHANES,low_bone_mass,-1.0841072003016414,0.10430253024786382,0.08189965881328229,0.1328334937378544
KNHANES,low_bone_mass,-1.0487667629557142,0.11089618727400426,0.08761283937958834,0.14036714754362992
KNHANES,low_bone_mass,-1.013426325609787,0.11811368068811358,0.09393275297653109,0.14851945805505395
KNHANES,low_bone_mass,-0.9780858882638598,0.12600964870289688,0.10091922874468778,0.1573380193619771
KNHANES,low_bone_mass,-0.9427454509179325,0.13464356405731523,0.10863759440698648,0.1668749150882384
KNHANES,low_bone_mass,-0.9074050135720053,0.14408002977937046,0.11715901139596606,0.17718701049007854
KNHANES,low_bone_mass,-0.8720645762260781,0.15438907459414322,0.12656078826441855,0.1883362665554541
KNHANES,low_bone_mass,-0.836724138880151,0.16564644284248112,0.13692666471304613,0.2003900707277875
KNHANES,low_bone_mass,-0.8013837015342238,0.17793387275080827,0.14834705819203386,0.21342157679403836
KNHANES,low_bone_mass,-0.7660432641882966,0.19133935574780195,0.16091926536465473,0.2275100434682031
KNHANES,low_bone_mass,-0.7307028268423694,0.20595736826029848,0.174747612092052,0.2427411569913951
KNHANES,low_bone_mass,-0.6953623894964422,0.22188906604375394,0.1899435484216988,0.2592073173259983
KNHANES,low_bone_mass,-0.6600219521505151,0.23924242962173164,0.20662568981958326,0.2770078598710841
KNHANES,low_bone_mass,-0.6246815148045879,0.2581323478400152,0.22491981308862777,0.2962491747009531
KNHANES,low_bone_mass,-0.5893410774586607,0.27868062490689366,0.24495882551291828,0.3170446728583008
KNHANES,low_bone_mass,-0.5540006401127335,0.30101589462312245,0.2668827389839637,0.33951453421348216
KNHANES,low_bone_mass,-0.5186602027668064,0.32527342384368785,0.29083869694257597,0.3637851543527078
KNHANES,low_bone_mass,-0.4833197654208792,0.3515947856101837,0.3169811198075129,0.38998819028508297
KNHANES,low_bone_mass,-0.447979328074952,0.3801273809104538,0.345472051812741,0.41825908914960214
KNHANES,low_bone_mass,-0.4126388907290248,0.41102378673691903,0.3764818049403986,0.44873497482913294
KNHANES,low_bone_mass,-0.37729845338309764,0.4444409071155593,0.4101899985431941,0.4815517702021713
KNHANES,low_bone_mass,-0.34195801603717046,0.48053890316611453,0.4467870802929594,0.5168404540808994
KNHANES,low_bone_mass,-0.3066175786912433,0.5194798781457239,0.48647638055310943,0.5547223967820885
KNHANES,low_bone_mass,-0.2712771413453161,0.5614262939497724,0.529476697583397,0.59530378763936
KNHANES,low_bone_mass,-0.23593670399938893,0.6065390968316879,0.5760253415330546,0.6386692554294312
KNHANES,low_bone_mass,-0.20059626665346175,0.6549755323010503,0.6263814950936768,0.6848748746143711
KNHANES,low_bone_mass,-0.16525582930753457,0.706886632412388,0.6808296963251728,0.7339408280520552
KNHANES,low_bone_mass,-0.1299153919616074,0.7624143631082299,0.7396832272377073,0.7858440473829035
KNHANES,low_bone_mass,-0.09457495461568,0.8216885439269249,0.8032872287853652,0.8405113874917001
KNHANES,low_bone_mass,-0.05923451726975282,0.8848516055818642,0.8720305465361565,0.8978611666883155
KNHANES,low_bone_mass,-0.02389407992382564,0.9521037586761275,0.946353256284722,0.9578892039152846
KNHANES,low_bone_mass,0.011446357422101539,1.023662073457684,1.020611258826796,1.0267220075939973
KNHANES,low_bone_mass,0.04678679476802872,1.0997534048784168,1.08605258797541,1.1136270609108436
KNHANES,low_bone_mass,0.0821272321139559,1.1806148950105468,1.1542491714822458,1.2075828727092175
KNHANES,low_bone_mass,0.11746766945988307,1.2664945156410492,1.2252488604452725,1.3091286267884685
KNHANES,low_bone_mass,0.15280810680581025,1.357651654444596,1.2991124959687936,1.4188286391946348
KNHANES,low_bone_mass,0.18814854415173743,1.4543577483725332,1.3759150231878,1.5372725964941547
KNHANES,low_bone_mass,0.2234889814976646,1.5568969681513456,1.4557466054486445,1.665075611625297
KNHANES,low_bone_mass,0.2588294188435918,1.6655669580611498,1.5387137320032225,1.8028781014214426
KNHANES,low_bone_mass,0.29416985618951896,1.7806796354653878,1.624940304599608,1.951345508007723
KNHANES,low_bone_mass,0.32951029353544614,1.9025620548897568,1.7145686822150266,2.111167904939242
KNHANES,low_bone_mass,0.3648507308813733,2.0315573418043837,1.8077606574153997,2.283059550007074
KNHANES,low_bone_mass,0.4001911682273005,2.1680257016516102,1.9046983313634722,2.4677584715776155
KNHANES,low_bone_mass,0.4355316055732277,2.3123455100859793,2.0055848465013257,2.666026205444435
KNHANES,low_bone_mass,0.47087204291915485,2.4649144908570437,2.110644925704314,2.878647835665475
KNHANES,low_bone_mass,0.506212480265082,2.626150988273699,2.2201251536069577,3.1064325369252974
KNHANES,low_bone_mass,0.5415529176110092,2.796495341745608,2.3342939192280765,3.3502148688246565
KNHANES,low_bone_mass,0.5768933549569364,2.976411370508107,2.4534409183875368,3.610857135419557
KNHANES,low_bone_mass,0.6122337923028636,3.1663879773074664,2.5778760891803514,3.889253197590691
KNHANES,low_bone_mass,0.6475742296487907,3.36694088055983,2.707927823560691,4.186334212659612
KNHANES,low_bone_mass,0.6829146669947179,3.578614485306502,2.8439402627628922,4.50307687616617
KNHANES,low_bone_mass,0.7182551043406451,3.8019839041781376,2.9862694442149107,4.840514855627794
KNHANES,low_bone_mass,0.7535955416865723,4.037657140559338,3.135278023959145,5.19975423555045
KNHANES,low_bone_mass,0.7889359790324995,4.286277447222446,3.2913282538371664,5.581993936079979
KNHANES,low_bone_mass,0.8242764163784266,4.54852587488537,3.454772851145983,5.988552222077043
KNHANES,low_bone_mass,0.8596168537243538,4.8251240264545645,3.625943367091155,6.420900580514723
KNHANES,low_bone_mass,0.894957291070281,5.116837034153479,3.805135649553951,6.8807064045545125
KNHANES,low_bone_mass,0.9302977284162082,5.424476778323124,3.9925920200476304,7.369886071709322
KNHANES,low_bone_mass,0.9656381657621353,5.7489053684304645,4.188479863338127,7.890670126996518
KNHANES,low_bone_mass,1.0009786031080625,6.091038908749682,4.392866483926452,8.44568236336219
KNHANES,low_bone_mass,1.0363190404539897,6.451851573310375,4.6056903406496446,9.038034614840399
KNHANES,low_bone_mass,1.0716594777999169,6.8323800170570115,4.826729149422281,9.671439033007962
KNHANES,low_bone_mass,1.106999915145844,7.233728152759894,5.05556585248995,10.350339509920383
KNHANES,low_bone_mass,1.1423403524917712,7.6570723260857925,5.291554073927191,11.080063774798651
KNHANES,low_bone_mass,1.1776807898376984,8.103666924407344,5.533785361199188,11.866997603879387
KNHANES,low_bone_mass,1.2130212271836256,8.57485045843666,5.781061149670626,12.718782673444071
KNHANES,low_bone_mass,1.2483616645295528,9.072052159649205,6.031872833281466,13.644540039585301
KNHANES,low_bone_mass,1.28370210187548,9.596799140759902,6.284393407748721,14.655122264390954
KNHANES,low_bone_mass,1.3190425392214071,10.1507224659272,6.536482046016662,15.763397781084727
KNHANES,low_bone_mass,1.3543829765673343,10.735491216484341,6.785654403170772,16.984474129032943
KNHANES,low_bone_mass,1.3897234139132615,11.352772365522089,7.02918960048943,18.33574675157261
KNHANES,low_bone_mass,1.4250638512591887,12.004313113435524,7.264341329073235,19.83710935342081
KNHANES,low_bone_mass,1.4604042886051158,12.691951671641126,7.488432313307222,21.511263038195434
KNHANES,low_bone_mass,1.495744725951043,13.41762187860736,7.698932558525847,23.384095848185304
KNHANES,low_bone_mass,1.5310851632969702,14.183358045326047,7.893523876481135,25.485150686792363
KNHANES,low_bone_mass,1.5664256006428974,14.991300041493336,8.070147879796545,27.848198110062874
KNHANES,low_bone_mass,1.601766037988825,15.843698634221518,8.2270371293697,30.51193065798944
KNHANES,low_bone_mass,1.6371064753347522,16.742921091681676,8.362731031772197,33.520796689173636
KNHANES,low_bone_mass,1.6724469126806794,17.69145706468582,8.476079197230042,36.92599441188625
KNHANES,low_bone_mass,1.7077873500266065,18.691924759853833,8.566235329124735,40.78665105546848
KNHANES,low_bone_mass,1.7431277873725337,19.747077418681236,8.632644526778249,45.17121785448066
KNHANES,low_bone_mass,1.7784682247184609,20.859810117525154,8.675026388823603,50.159118674244375
KNHANES,low_bone_mass,1.813808662064388,22.033166904263958,8.693355710700096,55.842698721464984
KNHANES,low_bone_mass,1.8491490994103152,23.270348288159088,8.687842012605238,62.329530010622904
KNHANES,low_bone_mass,1.8844895367562424,24.574719100260182,8.658908681571857,69.74514238058268
KNHANES,low_bone_mass,1.9198299741021696,25.94981674254668,8.60717218158381,78.23626328895452
KNHANES,low_bone_mass,1.9551704114480968,27.399359844893922,8.533421568229272,87.97466689153208
KNHANES,low_bone_mass,1.990510848794024,28.92725734989062,8.438598416153544,99.16175370841053
KNHANES,low_bone_mass,2.025851286139951,30.537618046520745,8.323777203136741,112.03400730184944
KNHANES,low_bone_mass,2.0611917234858783,32.23476057475727,8.190146171663471,126.8695048333773
KNHANES,low_bone_mass,2.0965321608318055,34.023223924201595,8.038988690034957,143.99569533308178
KNHANES,low_bone_mass,2.1318725981777327,35.90777845104385,7.871665148068788,163.7987044717698
KNHANES,low_bone_mass,2.16721303552366,37.89343743881458,7.689595439117683,186.7344793751742
KNHANES,low_bone_mass,2.202553472869587,39.985469229658236,7.494242095606178,213.34215376539984
KNHANES,low_bone_mass,2.237893910215514,42.18940995417586,7.287094156878134,244.26009517133238
KNHANES,low_bone_mass,2.2732343475614414,44.51107688927286,7.0696518547265805,280.2451954572783
KNHANES,low_bone_mass,2.3085747849073686,46.95658247490134,6.8434122033495015,322.1960875954565
KNHANES,low_bone_mass,2.3439152222532957,49.532349022115056,6.609855577013696,371.1811205347214
KNHANES,low_bone_mass,2.379255659599223,52.24512414646039,6.370433351086572,428.4721064719236
KNHANES,low_bone_mass,2.4145960969451505,55.10199696241113,6.126556671127287,495.58507857349156
