dataset,outcome,score,weighted,n,events,auc,strategy,threshold,sensitivity,specificity,ppv,npv
NHANES,prev_fracture,MBR,FALSE,1580,373,0.5915559593168537,Youden,23.33914555623443,0.5120643431635389,0.6412593206296603,0.3060897435897436,0.8096234309623431
NHANES,prev_fracture,MBR,FALSE,1580,373,0.5915559593168537,Sensitivity >=90%,18.695410020067346,0.900804289544236,0.15244407622203815,0.24724061810154527,0.832579185520362
NHANES,prev_fracture,OSTA risk,FALSE,1580,373,0.46364815608681265,Youden,1.5200000000000005,0.013404825737265416,0.9942004971002486,0.4166666666666667,0.7653061224489796
NHANES,prev_fracture,OSTA risk,FALSE,1580,373,0.46364815608681265,Sensitivity >=90%,-13.040000000000001,0.900804289544236,0.07042253521126762,0.23045267489711935,0.6967213114754098
NHANES,prev_fracture,MBR,TRUE,1580,373,0.5680718598577174,Youden,24.824339491225096,0.35369107665236443,0.7725791423802091,0.3673303676976,0.7620161930174567
NHANES,prev_fracture,MBR,TRUE,1580,373,0.5680718598577174,Sensitivity >=90%,18.368104401681045,0.9006675224971644,0.1263954248215169,0.2779205324190691,0.773161741841013
NHANES,prev_fracture,OSTA risk,TRUE,1580,373,0.4924141285195189,Youden,-6.040000000000001,0.47636974482846245,0.5658820402111573,0.2906085566815714,0.7432459042059175
NHANES,prev_fracture,OSTA risk,TRUE,1580,373,0.4924141285195189,Sensitivity >=90%,-13.040000000000001,0.9017583185325756,0.07508321581013122,0.2668496228777095,0.6718302679522656
NHANES,self_report_osteoporosis,MBR,FALSE,1581,42,0.5567158637334076,Youden,20.990293217511613,0.7857142857142857,0.34892787524366475,0.03188405797101449,0.9835164835164835
NHANES,self_report_osteoporosis,MBR,FALSE,1581,42,0.5567158637334076,Sensitivity >=90%,19.151267726686722,0.9047619047619048,0.17738791423001954,0.029141104294478526,0.9855595667870036
NHANES,self_report_osteoporosis,OSTA risk,FALSE,1581,42,0.6558448590612334,Youden,-5.340000000000001,0.6666666666666666,0.6003898635477583,0.04354587869362364,0.9850746268656716
NHANES,self_report_osteoporosis,OSTA risk,FALSE,1581,42,0.6558448590612334,Sensitivity >=90%,-10.14,0.9047619047619048,0.18843404808317088,0.029526029526029528,0.9863945578231292
NHANES,self_report_osteoporosis,MBR,TRUE,1581,42,0.5768258530138536,Youden,21.567139651381552,0.761186827669677,0.4135219193995674,0.04204439593572364,0.9808449470175004
NHANES,self_report_osteoporosis,MBR,TRUE,1581,42,0.5768258530138536,Sensitivity >=90%,18.83272345063843,0.9162889557315103,0.1486377250681915,0.03511688708835315,0.9813111026685845
NHANES,self_report_osteoporosis,OSTA risk,TRUE,1581,42,0.6486818037922968,Youden,-2.540000000000001,0.3894553535397977,0.8798879194335991,0.09881199066814007,0.9770733554104714
NHANES,self_report_osteoporosis,OSTA risk,TRUE,1581,42,0.6486818037922968,Sensitivity >=90%,-10.14,0.9211740844524823,0.20408875322498743,0.03766405149089833,0.9871074848073527
KNHANES,osteoporosis_any,MBR,FALSE,7937,1978,0.7915906995748332,Youden,21.281700576118734,0.6779575328614762,0.7655646920624266,0.48977355734112493,0.8774764377764955
KNHANES,osteoporosis_any,MBR,FALSE,7937,1978,0.7915906995748332,Sensitivity >=90%,19.085943702961643,0.9004044489383215,0.4408457794932036,0.34832779190299235,0.9302407932011332
KNHANES,osteoporosis_any,OSTA risk,FALSE,7937,1978,0.8206299670600469,Youden,1.8599999999999994,0.6971688574317493,0.7828494713878167,0.5158997381219603,0.8862082066869301
KNHANES,osteoporosis_any,OSTA risk,FALSE,7937,1978,0.8206299670600469,Sensitivity >=90%,-0.17999999999999972,0.9009100101112234,0.5047826816579963,0.3765053877033594,0.9388264669163545
KNHANES,osteoporosis_any,MBR,TRUE,7937,1978,0.7880198730370571,Youden,21.296975546159526,0.6619626355207233,0.7707386421844507,0.4507366714134068,0.8891643918937726
KNHANES,osteoporosis_any,MBR,TRUE,7937,1978,0.7880198730370571,Sensitivity >=90%,19.038284000841237,0.9004303840843846,0.4365373637232559,0.312325582867914,0.9391211151824105
KNHANES,osteoporosis_any,OSTA risk,TRUE,7937,1978,0.8338829695704809,Youden,1,0.7646277156872597,0.7460763039780796,0.4611569529712978,0.9177151903963048
KNHANES,osteoporosis_any,OSTA risk,TRUE,7937,1978,0.8338829695704809,Sensitivity >=90%,-0.6000000000000001,0.900521194564888,0.5248113666251617,0.3500591331541647,0.9488814017882705
KNHANES,low_bone_mass,MBR,FALSE,7937,5813,0.7470628855448678,Youden,20.05697723409772,0.6043351109581971,0.7674199623352166,0.8767157474419766,0.41475826972010177
KNHANES,low_bone_mass,MBR,FALSE,7937,5813,0.7470628855448678,Sensitivity >=90%,17.480013580123252,0.9000516084637881,0.3097928436911488,0.7811286951328755,0.5310734463276836
KNHANES,low_bone_mass,OSTA risk,FALSE,7937,5813,0.7902620530708656,Youden,0.5200000000000004,0.621881988646138,0.8121468926553672,0.9005979073243647,0.4397145042059648
KNHANES,low_bone_mass,OSTA risk,FALSE,7937,5813,0.7902620530708656,Sensitivity >=90%,-2.1400000000000006,0.9000516084637881,0.4030131826741996,0.804923076923077,0.5956854558107167
KNHANES,low_bone_mass,MBR,TRUE,7937,5813,0.7340377221706741,Youden,20.05697723409772,0.5954415419824749,0.7616341269802731,0.8530684210709111,0.4475174697466271
KNHANES,low_bone_mass,MBR,TRUE,7937,5813,0.7340377221706741,Sensitivity >=90%,17.374977227015584,0.9003064178564185,0.28961325681590966,0.7465511153929658,0.5555371101663187
KNHANES,low_bone_mass,OSTA risk,TRUE,7937,5813,0.7837296878858379,Youden,-0.5200000000000004,0.686229787764509,0.7326486009059503,0.8564392294557396,0.5011572463988525
KNHANES,low_bone_mass,OSTA risk,TRUE,7937,5813,0.7837296878858379,Sensitivity >=90%,-2.6,0.9003600191206018,0.41264261075134,0.780834747642344,0.6405246700357535
